"","keyword","category"
"1","Butcher","trade"
"2","Ploughman","trade"
"3","Saddler","trade"
"4","Fisher","trade"
"5","Baker","trade"
"6","Fletcher","trade"
"7","Bricklayer","trade"
"8","Farmer","trade"
"9","Brewer","trade"
"10","Shepherd","trade"
"11","Smith","trade"
"12","Farrier","trade"
"13","Blower","trade"
"14","Cobbler","trade"
"15","Mason","trade"
"16","Plough","trade"
"17","Foundry","trade"
"18","Mill","trade"
"19","Sweep","trade"
"20","Fleece","trade"
"21","Plumber","trade"
"22","Mechanic","trade"
"23","Carpenter","trade"
"24","Tailor","trade"
"25","Waterman","trade"
"26","Nailor","trade"
"27","Wool","trade"
"28","Tapper","trade"
"29","Forester","trade"
"30","Beggar","trade"
"31","Chisel","trade"
"32","Axe","trade"
"33","Commercial","trade"
"34","Windmill","trade"
"35","Groom","trade"
"36","Pack","trade"
"37","Miner","trade"
"38","Botanist","trade"
"39","Chemic","trade"
"40","Bank","trade"
"41","Collier","trade"
"42","Maker","trade"
"43","Advocate","trade"
"44","Poacher","trade"
"45","Beachcomber","trade"
"46","Painter","trade"
"47","Woodman","trade"
"48","Smuggler","trade"
"49","Potter","trade"
"50","Tradesman","trade"
"51","Butler","trade"
"52","Gamekeeper","trade"
"53","Cutter","trade"
"54","Archer","trade"
"55","Rifleman","trade"
"56","Bobbin","trade"
"57","Hatchet","trade"
"58","Pirate","trade"
"59","Three","trade"
"60","Bootlegger","trade"
"61","Joiner","trade"
"62","Yeoman","trade"
"63","Tinker","trade"
"64","Hatter","trade"
"65","Office","trade"
"66","Shepherd","trade"
"67","Watchman","trade"
"68","Doctor","trade"
"69","Drayman","trade"
"70","Carter","trade"
"71","Caulker","trade"
"72","Tanner","trade"
"73","Crispin","trade"
"74","Postie","trade"
"75","Footman","trade"
"76","Weaver","trade"
"77","Moulder","trade"
"78","Carrier","trade"
"79","Huntsman","trade"
"80","Cooper","trade"
"81","Jolly","trade"
"82","Merry","trade"
"83","Falconer","trade"
"84","Waterman","trade"
"85","Thatcher","trade"
"86","Railway","travel"
"87","Boat","travel"
"88","Rover","travel"
"89","Junction","travel"
"90","Pack","travel"
"91","Wagon","travel"
"92","Coach","travel"
"93","Navigation","travel"
"94","Ship","travel"
"95","Return","travel"
"96","Travel","travel"
"97","Great Northern","travel"
"98","Waggon","travel"
"99","Rest","travel"
"100","Station","travel"
"101","Halfway","travel"
"102","Bridge","travel"
"103","Road","travel"
"104","Lane","travel"
"105","Wayfarer","travel"
"106","Pilgrim","travel"
"107","Wheel","travel"
"108","Compass","travel"
"109","Stable","travel"
"110","Great Eastern","travel"
"111","Great Western","travel"
"112","Great Southern","travel"
"113","Groom","travel"
"114","Return","travel"
"115","Great Western","travel"
"116","Boat","nautical"
"117","Sailor","nautical"
"118","Ferry","nautical"
"119","Mermaid","nautical"
"120","Ship","nautical"
"121","Seahorse","nautical"
"122","Water","nautical"
"123","Anchor","nautical"
"124","Smuggler","nautical"
"125","Marine","nautical"
"126","Fisher","nautical"
"127","Wharf","nautical"
"128","Dolphin","nautical"
"129","Lighthouse","nautical"
"130","Beach","nautical"
"131","Trout","nautical"
"132","Catch","nautical"
"133","Pirate","nautical"
"134","albion","nautical"
"135","Nag","nautical"
"136","Harbour","nautical"
"137","Nelson","nautical"
"138","Compass","nautical"
"139","Turtle","nautical"
"140","Marine","nautical"
"141","Armada","nautical"
"142","Captain","nautical"
"143","Admiral","nautical"
"144","Port","nautical"
"145","Oyster","nautical"
"146","Fish","nautical"
"147","Catch","nautical"
"148","Bay","nautical"
"149","Cliff","nautical"
"150","Sail","nautical"
"151","Oar","nautical"
"152","Neptune","nautical"
"153","Jamaica","nautical"
"154","Sea","nautical"
"155","Bream","nautical"
"156","Pickerel","nautical"
"157","Tide","nautical"
"158","Wave","nautical"
"159","Pilchard","nautical"
"160","Crab","nautical"
"161","Lobster","nautical"
"162","Shell","nautical"
"163","Mooring","nautical"
"164","Coast","nautical"
"165","Shark","nautical"
"166","Whale","nautical"
"167","Nest","nautical"
"168","Marine","nautical"
"169","Armada","nautical"
"170","Hare","animals"
"171","Deer","animals"
"172","Eagle","animals"
"173","Dolphin","animals"
"174","Dog","animals"
"175","Lion","animals"
"176","Duck","animals"
"177","Hart","animals"
"178","Stag","animals"
"179","Lamb","animals"
"180","Horse","animals"
"181","Bee","animals"
"182","Tiger","animals"
"183","Boar","animals"
"184","Crab","animals"
"185","Hound","animals"
"186","Fox","animals"
"187","Bird","animals"
"188","Cat","animals"
"189","Seahorse","animals"
"190","Grasshopper","animals"
"191","Elephant","animals"
"192","Falcon","animals"
"193","Swan","animals"
"194","Pheasant","animals"
"195","Curlew","animals"
"196","Goat","animals"
"197","Magpie","animals"
"198","Mallard","animals"
"199","Nag","animals"
"200","Bear","animals"
"201","Talbot","animals"
"202","Partridge","animals"
"203","Mouse","animals"
"204","Cow","animals"
"205","Turtle","animals"
"206","Goose","animals"
"207","Kingfisher","animals"
"208","Buck","animals"
"209","Donkey","animals"
"210","Mule","animals"
"211","Ape","animals"
"212","Oyster","animals"
"213","Raven","animals"
"214","Bream","animals"
"215","Elk","animals"
"216","Ostrich","animals"
"217","Mare","animals"
"218","Frog","animals"
"219","Toad","animals"
"220","Jay","animals"
"221","Moorhen","animals"
"222","Crane","animals"
"223","Buck","animals"
"224","Cygnet","animals"
"225","Swallow","animals"
"226","Swift","animals"
"227","Pilchard","animals"
"228","Craw","animals"
"229","Daw","animals"
"230","Colt","animals"
"231","Gosling","animals"
"232","Shark","animals"
"233","Whale","animals"
"234","Lobster","animals"
"235","Heifer","animals"
"236","Curlew","animals"
"237","Tadpole","animals"
"238","Pelican","animals"
"239","Trout","animals"
"240","Mole","animals"
"241","Hen","animals"
"242","Pickerel","animals"
"243","Mice","animals"
"244","Lamb","animals"
"245","Cock","animals"
"246","Hop","brewing"
"247","Tap","brewing"
"248","Barley","brewing"
"249","Grape","brewing"
"250","Barrel","brewing"
"251","Brew","brewing"
"252","Pump","brewing"
"253","Vine","brewing"
"254","Wine","brewing"
"255","Tuns","brewing"
"256","Last order","brewing"
"257","Gin","brewing"
"258","Landlord","brewing"
"259","Pull","brewing"
"260","Victual","brewing"
"261","Keg","brewing"
"262","haus","german"
"263","huis","german"
"264","bier","german"
"265","keller","german"
"266","halle","german"
"267","stein","german"
"268","brau","german"
"269","Tree","nature"
"270","Elm","nature"
"271","Leek","nature"
"272","Walnut","nature"
"273","Holly","nature"
"274","Rose","nature"
"275","Bush","nature"
"276","Oak","nature"
"277","Ash","nature"
"278","Bramble","nature"
"279","Willow","nature"
"280","Thistle","nature"
"281","Wheat","nature"
"282","Yew","nature"
"283","Maple","nature"
"284","Sun","nature"
"285","Moon","nature"
"286","Star","nature"
"287","Vine","nature"
"288","Mulberry","nature"
"289","Cherry","nature"
"290","Apple","nature"
"291","Pear","nature"
"292","Thorn","nature"
"293","Botanist","nature"
"294","Feather","nature"
"295","Rock","nature"
"296","Grove","nature"
"297","Field","nature"
"298","Grape","nature"
"299","Lake","nature"
"300","Stream","nature"
"301","Brook","nature"
"302","Reservoir","nature"
"303","Juniper","nature"
"304","Birch","nature"
"305","Bramble","nature"
"306","Feather","nature"
"307","Black","colours"
"308","Yellow","colours"
"309","White","colours"
"310","Gold","colours"
"311","Red","colours"
"312","Blue","colours"
"313","Purple","colours"
"314","Green","colours"
"315","Silver","colours"
"316","Grey","colours"
"317","Violet","colours"
"318","Brass","colours"
"319","Brown","colours"
"320","Amber","colours"
"321","Orange","colours"
"322","Fairy","myth"
"323","Giant","myth"
"324","Golden Goose","myth"
"325","Golden Fleece","myth"
"326","Faerie","myth"
"327","Thor","myth"
"328","Neptune","myth"
"329","Unicorn","myth"
"330","Elf","myth"
"331","Golden Egg","myth"
"332","Imp","myth"
"333","Hercules","myth"
"334","Knight","myth"
"335","Arthur","myth"
"336","Camelot","myth"
"337","Robin Hood","myth"
"338","Dragon","myth"
"339","Green man","myth"
"340","Griffin","myth"
"341","End","myth"
"342","Hero","myth"
"343","Crusade","myth"
"344","Black Dog","myth"
"345","Mermaid","myth"
"346","Goblin","myth"
"347","Lady in the Lake","myth"
"348","Druid","myth"
"349","Wish","myth"
"350","Minerva","myth"
"351","Myth","myth"
"352","Legend","myth"
"353","Serpent","myth"
"354","Alchemist","myth"
"355","Wisp","myth"
"356","Moonraker","myth"
"357","Maid Marian","myth"
"358","Friar Tuck","myth"
"359","Merlin","myth"
"360","Golden Egg","myth"
"361","Lady in the lake","myth"
"362","Saracen","military"
"363","Rifle","military"
"364","Rifle","military"
"365","Captain","military"
"366","Turk","military"
"367","Waterloo","military"
"368","Soldier","military"
"369","Sailor","military"
"370","Cannon","military"
"371","Marine","military"
"372","Arrow","military"
"373","Reserves","military"
"374","Billet","military"
"375","Navy","military"
"376","Cavalry","military"
"377","Nelson","military"
"378","Alma","military"
"379","Armada","military"
"380","Viking","military"
"381","Cavalier","military"
"382","Trooper","military"
"383","Colonel","military"
"384","General","military"
"385","Engineers","military"
"386","Hero","military"
"387","Admiral","military"
"388","Crusade","military"
"389","Wellington","military"
"390","Trafalgar","military"
"391","Raglan","military"
"392","Bugle","military"
"393","War","military"
"394","Front","military"
"395","Mounted","military"
"396","Battle","military"
"397","Agincourt","military"
"398","Churchill","military"
"399","Dragoon","military"
"400","Marine","military"
"401","Admiral","military"
"402","Crest","heraldry"
"403","White Hart","heraldry"
"404","Horns","heraldry"
"405","Rising Sun","heraldry"
"406","Arms","heraldry"
"407","Three Feathers","heraldry"
"408","White Lion","heraldry"
"409","Red Lion","heraldry"
"410","White Rose","heraldry"
"411","Red Dragon","heraldry"
"412","Red Rose","heraldry"
"413","Bear and Ragged Staff","heraldry"
"414","Olde Man and Scythe","heraldry"
"415","Flag","heraldry"
"416","Black Griffin","heraldry"
"417","Old Black Lion","heraldry"
"418","Blue Boar","heraldry"
"419","Chequers","heraldry"
"420","Castle","heraldry"
"421","Eagle and Child","heraldry"
"422","White Bear","heraldry"
"423","Spread Eagle","heraldry"
"424","Elephant and Castle","heraldry"
"425","Standard","heraldry"
"426","Red Dragon","heraldry"
"427","White Horse","heraldry"
"428","Abbot","religious"
"429","Arc","religious"
"430","St James","religious"
"431","Reverend","religious"
"432","Angel","religious"
"433","Abbey","religious"
"434","Church","religious"
"435","Cross Keys","religious"
"436","St Peter","religious"
"437","Saint","religious"
"438","St Paul","religious"
"439","Lamb","religious"
"440","Mitre","religious"
"441","St George","religious"
"442","Pilgrim","religious"
"443","Priory","religious"
"444","Bell","religious"
"445","Eden","religious"
"446","Adam And Eve","religious"
"447","Corinthian","religious"
"448","Martyr","religious"
"449","Font","religious"
"450","Steeple","religious"
"451","Pope","religious"
"452","Hope","religious"
"453","Pew","religious"
"454","Holy","religious"
"455","Devil","religious"
"456","Satan","religious"
"457","Solstice","religious"
"458","Pagan","religious"
"459","Heaven","religious"
"460","Hell","religious"
"461","Lourdes","religious"
"462","Abbot","religious"
"463","Cardinal","religious"
"464","Saint","religious"
"465","Pew","religious"
"466","Sport","sporting"
"467","Angler","sporting"
"468","Hero","sporting"
"469","Bear","sporting"
"470","Cricket","sporting"
"471","Hunt","sporting"
"472","Jockey","sporting"
"473","Ball","sporting"
"474","Cock","sporting"
"475","Bat","sporting"
"476","Dog and Duck","sporting"
"477","Bull and Dog","sporting"
"478","Wrestler","sporting"
"479","Wicket","sporting"
